case_id	primary_diagnosis	figo_stage	age_at_index	normalized_age_at_index	age_at_diagnosis	days_to_birth	days_to_last_follow_up	days_to_death	race	vital_status
b1e11e94-646b-4c44-9d33-1ca67d8356fb	Serous cystadenocarcinoma, NOS	3.0	66	0.6349206349206349	24403.0	-24403.0	596.0	619.0	white	Dead
077079c3-6877-467b-b9cc-5c650aae4f07	Serous cystadenocarcinoma, NOS	3.0	81	0.873015873015873	29615.0	-29615.0	549.0	730.0	white	Dead
42ebd30b-175e-4ece-a806-e55cb7e40e96	Serous cystadenocarcinoma, NOS	3.0	62	0.5714285714285714	22933.0	-22933.0	949.0	949.0	white	Dead
867f9563-16c9-45a8-b519-6df61ba1b6b7	Serous cystadenocarcinoma, NOS	4.0	58	0.5079365079365079	21246.0	-21246.0		2717.0	white	Dead
13319c20-02f6-4b5f-b24f-3d8f4084094c	Serous cystadenocarcinoma, NOS	3.0	54	0.4444444444444444	19755.0	-19755.0	1064.0	1064.0	white	Dead
5ed14506-f69a-4da8-9965-72d3270b9f72	Serous cystadenocarcinoma, NOS	3.0	57	0.492063492063492	20862.0	-20862.0	53.0	53.0	white	Dead
390eed6b-50af-48a9-9fd6-3a68a2bbb7f9	Serous cystadenocarcinoma, NOS	3.0	52	0.4126984126984127	19087.0	-19087.0	2661.0		white	Alive
5ced5b58-fab4-4bcd-b706-d6e49ce0cfc5	Serous cystadenocarcinoma, NOS	3.0	47	0.3333333333333333	17356.0	-17356.0	374.0		white	Alive
a9abe7a7-4126-414b-87d2-a6d25abcf1fa	Serous cystadenocarcinoma, NOS	4.0	72	0.7301587301587301	26342.0	-26342.0	83.0	83.0	white	Dead
15f1a992-0724-4d76-a71a-702ac7753a41	Serous cystadenocarcinoma, NOS	3.0	59	0.5238095238095238	21550.0	-21550.0	455.0	455.0	white	Dead
ea605be2-6578-4e01-8ec3-bbd84c0b7f1d	Serous cystadenocarcinoma, NOS	3.0	72	0.7301587301587301	26433.0	-26433.0	1209.0		white	Alive
63c6a89b-b28c-434a-a632-5de6545db731	Serous cystadenocarcinoma, NOS	3.0	66	0.6349206349206349	24332.0	-24332.0	2237.0	3819.0	white	Dead
49d2c0cf-a3f3-4519-a755-0a5f769df2ea	Serous cystadenocarcinoma, NOS	3.0	57	0.492063492063492	21107.0	-21107.0	1324.0	1324.0	white	Dead
611600a6-43ec-4029-9682-cd6d6a3312ec	Serous cystadenocarcinoma, NOS	3.0	61	0.5555555555555556	22342.0	-22342.0	895.0	895.0	white	Dead
914d8613-3c25-4a10-be50-28b42f4d3a5d	Serous cystadenocarcinoma, NOS	3.0	73	0.7460317460317459	26786.0	-26786.0	1977.0	1977.0	white	Dead
6b2a9f9a-fe96-4311-a330-925c4ad36fe7	Serous cystadenocarcinoma, NOS	3.0	63	0.5873015873015873	23171.0	-23171.0	98.0		white	Alive
374ea8df-ecc4-44b0-b519-33efa5078018	Serous cystadenocarcinoma, NOS	3.0	80	0.8571428571428571	29337.0	-29337.0	517.0	528.0	asian	Dead
48f831b0-5d91-44ae-bc4e-db57ca84fe46	Serous cystadenocarcinoma, NOS	4.0	54	0.4444444444444444	19775.0	-19775.0	238.0		white	Alive
b520aae5-65a6-4b27-bc2a-10b02c7b1aeb	Serous cystadenocarcinoma, NOS	4.0	62	0.5714285714285714	22646.0	-22646.0	91.0	91.0	white	Dead
7c466a5f-a6b4-4d1a-a0f5-ddcd7ef90ff1	Serous cystadenocarcinoma, NOS	3.0	62	0.5714285714285714	23002.0	-23002.0	1562.0	1562.0	white	Dead
e1158102-06f2-47bb-9fe0-49b57f070755	Serous cystadenocarcinoma, NOS	3.0	60	0.5396825396825397	22100.0	-22100.0	1342.0		white	Alive
f34aa3b6-e966-49c6-bc55-130545772c53	Serous cystadenocarcinoma, NOS	3.0	50	0.3809523809523809	18583.0	-18583.0	1646.0	1646.0	black or african american	Dead
8449955f-42d9-46f6-919a-5cc5d59e6284	Serous cystadenocarcinoma, NOS	3.0	51	0.3968253968253968	18628.0	-18628.0	690.0	690.0	white	Dead
9a30dee8-962a-49db-a85a-c39515c91b68	Serous cystadenocarcinoma, NOS	4.0	53	0.42857142857142855	19595.0	-19595.0	1264.0	1264.0	white	Dead
0740321b-f8a5-4e1d-b390-ca6187598fac	Serous cystadenocarcinoma, NOS	4.0	73	0.7460317460317459	26886.0	-26886.0	2099.0	3128.0	white	Dead
29d26e7e-f4ae-4476-9a3f-27d5ec2ccb8a	Serous cystadenocarcinoma, NOS	3.0	71	0.7142857142857143	26066.0	-26066.0	563.0	563.0	white	Dead
78777a80-cc6c-46c9-a14a-837ac7943719	Serous cystadenocarcinoma, NOS	3.0	66	0.6349206349206349	24199.0	-24199.0		61.0	white	Dead
62efb5ae-43dc-4a4c-a898-6cd9c6dba027	Serous cystadenocarcinoma, NOS	3.0	53	0.42857142857142855	19387.0	-19387.0	2467.0	2467.0	white	Dead
34f285ab-6c31-4865-a0a7-a57af3567df0	Serous cystadenocarcinoma, NOS	3.0	61	0.5555555555555556	22287.0	-22287.0		701.0	white	Dead
b4225c44-b9b6-46c5-aabf-7b0d9a9fe20b	Serous cystadenocarcinoma, NOS	3.0	51	0.3968253968253968	18664.0	-18664.0	1435.0	1470.0	white	Dead
184aac07-44c1-47f1-8adf-50acbcc1762c	Serous cystadenocarcinoma, NOS	3.0	63	0.5873015873015873	23043.0	-23043.0		138.0	white	Dead
756f6768-e69a-4fe9-aa41-7c58aabe4577	Serous cystadenocarcinoma, NOS	4.0	52	0.4126984126984127	19258.0	-19258.0	119.0	1650.0	asian	Dead
662d77d1-1a43-427a-813b-e11edd30868e	Serous cystadenocarcinoma, NOS	3.0	65	0.6190476190476191	23932.0	-23932.0	481.0	518.0	white	Dead
2ae65a06-df0f-4de1-a536-537cae0cc260	Serous cystadenocarcinoma, NOS	3.0	47	0.3333333333333333	17168.0	-17168.0	637.0	637.0	white	Dead
32960bc7-839a-42c5-9460-3917fa578ffc	Serous cystadenocarcinoma, NOS	3.0	55	0.4603174603174603	20134.0	-20134.0	946.0	949.0	white	Dead
619b14f3-b8cc-4c0a-8304-6719853d592a	Serous cystadenocarcinoma, NOS	3.0	59	0.5238095238095238	21664.0	-21664.0	598.0		white	Dead
60014a6e-6a13-4f92-bbfd-eeeee9632f98	Serous cystadenocarcinoma, NOS	3.0	57	0.492063492063492	21147.0	-21147.0	547.0		white	Alive
6b06281b-d3a9-440e-a86c-ee7db003352a	Serous cystadenocarcinoma, NOS	3.0	66	0.6349206349206349	24319.0	-24319.0	1360.0	1448.0	white	Dead
76cc2d21-eebc-4f09-9bc7-dbf7af0aafa8	Serous cystadenocarcinoma, NOS	3.0	57	0.492063492063492	21167.0	-21167.0	346.0	346.0	black or african american	Dead
e9b5336e-d724-4e7d-8c81-1147abd0a80d	Serous cystadenocarcinoma, NOS	3.0	48	0.3492063492063492	17671.0	-17671.0	24.0		not reported	Alive
c3e443b9-5dc5-4793-91e3-534f21485268	Serous cystadenocarcinoma, NOS	3.0	67	0.6507936507936508	24545.0	-24545.0	183.0		white	Alive
e20ea417-7296-4da8-9fdb-71cd1f45153a	Serous cystadenocarcinoma, NOS	3.0	67	0.6507936507936508	24682.0	-24682.0	4624.0	4624.0	white	Dead
a3898640-0d85-441d-a000-b5b8ff857399	Serous cystadenocarcinoma, NOS	3.0	54	0.4444444444444444	20007.0	-20007.0	105.0		white	Alive
f6ebf3a7-31c6-4f4c-9a0b-74cf35bfedf6	Serous cystadenocarcinoma, NOS	3.0	69	0.6825396825396826	25404.0	-25404.0	255.0		white	Alive
0aa020cb-69d2-4235-a609-c279a133d8bb	Serous cystadenocarcinoma, NOS	4.0	42	0.25396825396825395	15515.0	-15515.0	1364.0		white	Alive
5d603bba-62e6-48fb-b8fc-401109abcaee	Serous cystadenocarcinoma, NOS	3.0	58	0.5079365079365079	21404.0	-21404.0	1103.0	1103.0	white	Dead
e5a329ec-e50e-4786-901d-b58474f8ea65	Serous cystadenocarcinoma, NOS	3.0	65	0.6190476190476191	23993.0	-23993.0	129.0	129.0	white	Dead
219f54ef-4235-482d-b799-f2fa9930105c	Serous cystadenocarcinoma, NOS	4.0	51	0.3968253968253968	18835.0	-18835.0	3337.0	3337.0	white	Dead
acb7ec56-8a47-495f-a11b-2c9fb5d8fe95	Serous cystadenocarcinoma, NOS	4.0	59	0.5238095238095238	21561.0	-21561.0	9.0	9.0	white	Dead
bc4bc342-20bf-40c3-af26-2c6f942da93d	Serous cystadenocarcinoma, NOS	3.0	47	0.3333333333333333	17528.0	-17528.0	3871.0		white	Alive
12581634-eebb-4841-8498-71dc9d78c546	Serous cystadenocarcinoma, NOS	3.0	53	0.42857142857142855	19608.0	-19608.0	695.0	695.0	white	Dead
f8e9d538-7291-4fe7-b3f2-d01676a027f9	Serous cystadenocarcinoma, NOS	3.0	75	0.7777777777777778	27486.0	-27486.0		1169.0	white	Dead
e07a61e2-bcd2-4a96-80df-97e04aafbd32	Serous cystadenocarcinoma, NOS	3.0	44	0.2857142857142857	16262.0	-16262.0	982.0	1000.0	white	Dead
88180134-710f-46ea-9b06-5e5d860d6d9f	Serous cystadenocarcinoma, NOS	3.0	56	0.4761904761904762	20718.0	-20718.0	1354.0	1354.0	white	Dead
644a88a7-dc56-468a-af5c-60278aab7642	Serous cystadenocarcinoma, NOS	3.0	51	0.3968253968253968	18733.0	-18733.0		304.0	white	Dead
4eac2c98-86d2-4ee6-a1d3-157d013c78dc	Serous cystadenocarcinoma, NOS	3.0	57	0.492063492063492	21066.0	-21066.0	1752.0		white	Alive
dac96910-0cb2-44ea-b108-2d6d51b07112	Serous cystadenocarcinoma, NOS	3.0	62	0.5714285714285714	22708.0	-22708.0	78.0	1359.0	white	Dead
fe402983-70da-44db-b7b1-c32702ddde26	Serous cystadenocarcinoma, NOS	4.0	64	0.6031746031746031	23481.0	-23481.0	2438.0		white	Alive
499a9b57-ee1a-4012-bbab-c6ad955b5e0a	Serous cystadenocarcinoma, NOS	3.0	53	0.42857142857142855	19661.0	-19661.0	1579.0	1579.0	white	Dead
7413c891-f74e-456f-bc70-69c83fb53c70	Serous cystadenocarcinoma, NOS	4.0	75	0.7777777777777778	27667.0	-27667.0	31.0	31.0	white	Dead
5d7027f5-60a0-47ab-a79d-667c9acc0e54	Serous cystadenocarcinoma, NOS	3.0	56	0.4761904761904762	20785.0	-20785.0	1163.0	1163.0	white	Dead
20cf00ea-d7da-42bb-bce7-f005f0b952eb	Serous cystadenocarcinoma, NOS	3.0	59	0.5238095238095238			5481.0		white	Alive
de548bdd-14ca-486b-bd16-a6fbdd5b50d2	Serous cystadenocarcinoma, NOS	3.0	52	0.4126984126984127	19311.0	-19311.0	875.0		not reported	Alive
23d32627-9fd2-4312-bcda-ee7409e3983f	Serous cystadenocarcinoma, NOS	3.0	55	0.4603174603174603	20210.0	-20210.0	163.0		white	Alive
fdf83fdf-dfbb-4306-9a1b-b4487d18b402	Serous cystadenocarcinoma, NOS	3.0	60	0.5396825396825397	22148.0	-22148.0	130.0		white	Alive
0484a929-7a7f-4926-8d25-470ddab082ec	Serous cystadenocarcinoma, NOS	3.0	87	0.9682539682539684	31925.0	-31925.0	947.0		white	Alive
0f4a4ad1-e394-45c4-9aa9-aadf2bff0628	Serous cystadenocarcinoma, NOS	3.0	46	0.31746031746031744	16942.0	-16942.0		1946.0	white	Dead
4c18d9cf-4af4-4a86-8b1c-f78795fbbd7e	Serous cystadenocarcinoma, NOS	3.0	67	0.6507936507936508	24747.0	-24747.0	1384.0	1384.0	white	Dead
7dcc809b-e33a-4453-b92a-c00786f48cb0	Serous cystadenocarcinoma, NOS	3.0	49	0.36507936507936506	17943.0	-17943.0	1213.0	1213.0	white	Dead
1c0318d9-0472-4840-add4-46bb9f914a30	Serous cystadenocarcinoma, NOS	4.0	38	0.19047619047619047	13894.0	-13894.0	338.0		white	Alive
a36a4440-15ef-4837-904b-380a964d16f1	Serous cystadenocarcinoma, NOS	3.0	64	0.6031746031746031	23542.0	-23542.0	113.0		white	Alive
7e4e7914-ec23-4c55-98d6-3c5eecffa8e4	Serous cystadenocarcinoma, NOS	3.0	55	0.4603174603174603	20453.0	-20453.0	1620.0	1620.0	white	Dead
3f917550-89a6-404b-94df-938c99121411	Serous cystadenocarcinoma, NOS	3.0	67	0.6507936507936508	24488.0	-24488.0	627.0	627.0	white	Dead
3018efe7-13a1-47ae-a726-8fc967c73841	Serous cystadenocarcinoma, NOS	3.0	68	0.6666666666666666	24939.0	-24939.0	863.0	863.0	white	Dead
80f85c54-e12f-4afa-8fa5-5f3e083b6f95	Serous cystadenocarcinoma, NOS	3.0	61	0.5555555555555556	22294.0	-22294.0		1024.0	white	Dead
3768d34f-1527-40db-b116-cd80cee5ec3a	Serous cystadenocarcinoma, NOS	4.0	50	0.3809523809523809	18285.0	-18285.0		1069.0	asian	Dead
f9793a4b-c0e7-4475-bf80-69543b7ee2f6	Serous cystadenocarcinoma, NOS	4.0	34	0.12698412698412698	12772.0	-12772.0	194.0		white	Alive
c0c3caab-9277-4a31-a96c-c607e38d5ccc	Serous cystadenocarcinoma, NOS	3.0	55	0.4603174603174603	20409.0	-20409.0	2089.0	2089.0	white	Dead
86b513ba-df09-485d-92d4-fb9e888f7350	Serous cystadenocarcinoma, NOS	3.0	56	0.4761904761904762	20737.0	-20737.0	514.0	515.0	white	Dead
79e6e31c-22a1-481c-903b-ab5499cbd450	Serous cystadenocarcinoma, NOS	3.0	54	0.4444444444444444	19894.0	-19894.0	1748.0	2182.0	white	Dead
e9483296-cb91-497a-b955-39a3c3289dac	Serous cystadenocarcinoma, NOS	3.0	45	0.3015873015873016	16725.0	-16725.0		1720.0	white	Dead
1e14f098-17b2-4f54-8e4f-e38088008df7	Serous cystadenocarcinoma, NOS	4.0	55	0.4603174603174603	20109.0	-20109.0	189.0	189.0	white	Dead
9bbc01b4-056c-4ddc-aca4-ff20718646d0	Serous cystadenocarcinoma, NOS	3.0	67	0.6507936507936508	24473.0	-24473.0		547.0	native hawaiian or other pacific islander	Dead
502e8d02-2953-4514-a2e1-6179dd94da73	Serous cystadenocarcinoma, NOS	3.0	77	0.8095238095238095	28445.0	-28445.0	145.0	1993.0	white	Dead
fbb45305-de8d-4baf-8bd0-047b29c2e9d9	Serous cystadenocarcinoma, NOS	4.0	45	0.3015873015873016	16670.0	-16670.0	2614.0		white	Alive
cddce77f-21e6-4124-9f03-96fb5ca7cefa	Serous cystadenocarcinoma, NOS	3.0	57	0.492063492063492	21113.0	-21113.0		871.0	white	Dead
c9e58844-9d61-44a2-aee6-1760bc19711b	Serous cystadenocarcinoma, NOS	3.0	48	0.3492063492063492	17588.0	-17588.0	966.0	976.0	white	Dead
6d10d4ee-6331-4bba-93bc-a7b64cc0b22a	Serous cystadenocarcinoma, NOS	3.0	78	0.8253968253968254	28848.0	-28848.0	1224.0	1336.0	white	Dead
49bfd0fe-48ce-49db-9f76-ce2310410950	Serous cystadenocarcinoma, NOS	4.0	48	0.3492063492063492	17642.0	-17642.0	629.0	629.0	white	Dead
62379be5-13f0-474b-94d3-6f944ec4ee96	Serous cystadenocarcinoma, NOS	3.0	77	0.8095238095238095	28129.0	-28129.0	1259.0	1259.0	white	Dead
f64ebc7f-0e5a-42b4-af57-6cdb90d24f90	Serous cystadenocarcinoma, NOS	3.0	61	0.5555555555555556	22281.0	-22281.0	190.0		white	Alive
31872f6a-d225-4f91-b38d-4505d19e406c	Serous cystadenocarcinoma, NOS	3.0	78	0.8253968253968254	28789.0	-28789.0	1418.0		white	Alive
33dc48d8-2e01-482b-944c-ac10da727ec9	Serous cystadenocarcinoma, NOS	3.0	53	0.42857142857142855	19605.0	-19605.0	122.0		white	Alive
818dc159-aba4-46bc-a4ed-68ee0f8c4461	Serous cystadenocarcinoma, NOS	3.0	60	0.5396825396825397	22127.0	-22127.0	396.0	396.0	american indian or alaska native	Dead
561968ce-da9a-4d69-8bc2-bc87b9550f93	Serous cystadenocarcinoma, NOS	4.0	50	0.3809523809523809	18393.0	-18393.0	999.0	1314.0	white	Dead
fd4740db-76a8-4362-be71-7b609479bb67	Serous cystadenocarcinoma, NOS	3.0	71	0.7142857142857143	26267.0	-26267.0	1369.0	1369.0	white	Dead
99a61986-7b23-46b5-99a4-efba6bad3766	Serous cystadenocarcinoma, NOS	2.0	58	0.5079365079365079	21293.0	-21293.0	1446.0	1446.0	white	Dead
5d1a54fe-e0df-4c17-b623-b649a136dc82	Serous cystadenocarcinoma, NOS	3.0	55	0.4603174603174603	20287.0	-20287.0		1688.0	white	Dead
85a85a11-7200-4e96-97af-6ba26d680d59	Serous cystadenocarcinoma, NOS	3.0	65	0.6190476190476191	24064.0	-24064.0	420.0	1484.0	white	Dead
7ca97692-0bf5-4bbd-81ce-10a051d04bd5	Serous cystadenocarcinoma, NOS	3.0	80	0.8571428571428571	29558.0	-29558.0	604.0	636.0	white	Dead
2cb50c2d-e749-4172-b101-d975507435c5	Serous cystadenocarcinoma, NOS	3.0	54	0.4444444444444444	19843.0	-19843.0	524.0	524.0	white	Dead
3ac45a71-c463-4f0f-b030-58c475a34418	Serous cystadenocarcinoma, NOS	2.0	40	0.2222222222222222	14791.0	-14791.0	932.0		asian	Alive
3ac45a71-c463-4f0f-b030-58c475a34418	Serous cystadenocarcinoma, NOS	2.0	40	0.2222222222222222	14791.0	-14791.0	932.0		asian	Alive
f007fa7a-7da9-4cb0-8aea-623af1a122c5	Serous cystadenocarcinoma, NOS	3.0	75	0.7777777777777778	27588.0	-27588.0	89.0		white	Alive
ad2b1a0a-153f-483d-b228-5763eba3f6cc	Serous cystadenocarcinoma, NOS	3.0	80	0.8571428571428571	29373.0	-29373.0	608.0	608.0	white	Dead
afd92922-b8dc-48bd-a9c0-bc8d95855eb7	Serous cystadenocarcinoma, NOS	3.0	51	0.3968253968253968	18671.0	-18671.0	1341.0	1341.0	white	Dead
75f2d97a-b96c-403f-8055-5c5c8083e856	Serous cystadenocarcinoma, NOS	2.0	56	0.4761904761904762	20779.0	-20779.0	1127.0		white	Alive
931738a7-4b5b-46dc-b69f-72600862d8af	Serous cystadenocarcinoma, NOS	3.0	43	0.2698412698412698	16016.0	-16016.0	61.0		white	Alive
838693d5-1ae0-4d75-834b-e1b89b96b0ed	Serous cystadenocarcinoma, NOS	4.0	50	0.3809523809523809	18396.0	-18396.0	950.0	952.0	white	Dead
a6eb0cd0-fe57-41b0-8593-776208684293	Serous cystadenocarcinoma, NOS	3.0	40	0.2222222222222222	14782.0	-14782.0	956.0		white	Alive
5495b18a-10ec-427b-83b8-03ef4b587b13	Serous cystadenocarcinoma, NOS	4.0	59	0.5238095238095238	21879.0	-21879.0	2606.0	2634.0	white	Dead
b7715ff6-57a6-4513-9447-aa8bc93f16d4	Serous cystadenocarcinoma, NOS	4.0	72	0.7301587301587301	26428.0	-26428.0		361.0	white	Dead
c9e28934-8379-4511-817c-d787f2c4ca3a	Serous cystadenocarcinoma, NOS	4.0	74	0.7619047619047619	27176.0	-27176.0	681.0	681.0	white	Dead
7472b3ba-9b15-4d97-8708-a2dd82ca0f45	Serous cystadenocarcinoma, NOS	3.0	63	0.5873015873015873	23016.0	-23016.0	360.0		black or african american	Alive
ac2e88ff-8b1e-4691-9a96-5a581f98d827	Serous cystadenocarcinoma, NOS	3.0	65	0.6190476190476191	24006.0	-24006.0	772.0		white	Alive
b120b701-c194-43d7-a491-3206fac38ec1	Serous cystadenocarcinoma, NOS	3.0	45	0.3015873015873016	16764.0	-16764.0	181.0		white	Alive
ea6405c4-0fe4-4f37-bef2-275072f91e39	Serous cystadenocarcinoma, NOS	3.0	62	0.5714285714285714	22864.0	-22864.0	379.0		white	Alive
cf1e86ec-4bcb-403c-831b-d67bddef14eb	Serous cystadenocarcinoma, NOS	3.0	74	0.7619047619047619	27048.0	-27048.0	312.0	312.0	white	Dead
460616ec-f66f-483b-88c1-757edd86261d	Serous cystadenocarcinoma, NOS	3.0	58	0.5079365079365079	21284.0	-21284.0	220.0		white	Alive
07a859fc-6f78-4905-9035-90e2403dbe8d	Serous cystadenocarcinoma, NOS	3.0	61	0.5555555555555556	22339.0	-22339.0	945.0	1249.0	white	Dead
b0839f46-8c82-4619-be3d-c857a1759463	Serous cystadenocarcinoma, NOS	3.0	58	0.5079365079365079	21352.0	-21352.0	684.0		white	Alive
19427350-619b-4b9c-a3ba-37f667bb2843	Serous cystadenocarcinoma, NOS	3.0	53	0.42857142857142855	19681.0	-19681.0	2742.0	2742.0	white	Dead
2cb82948-7cbe-4b6c-8414-c02f662de2d0	Serous cystadenocarcinoma, NOS	4.0	45	0.3015873015873016	16493.0	-16493.0		1516.0	white	Dead
9bf16a89-2fc7-4c08-93bc-3105eec5c3cc	Serous cystadenocarcinoma, NOS	4.0	46	0.31746031746031744	16961.0	-16961.0	81.0		white	Alive
c9226204-cb61-40b8-8a94-a7e71c14ea3a	Serous cystadenocarcinoma, NOS	3.0	50	0.3809523809523809	18582.0	-18582.0	1947.0	1947.0	white	Dead
4ca9c0e8-75a7-4665-9d88-6dd2bb44b1e1	Serous cystadenocarcinoma, NOS	3.0	76	0.7936507936507936	28100.0	-28100.0	571.0		white	Alive
6ad8bc89-d8e9-48c2-bc25-c8e51f972b4d	Serous cystadenocarcinoma, NOS	3.0	65	0.6190476190476191	23987.0	-23987.0	1033.0	1033.0	white	Dead
7d03ddb6-f3fe-4b50-8bba-514aa65e7d0e	Serous cystadenocarcinoma, NOS	2.0	77	0.8095238095238095	28231.0	-28231.0	186.0		asian	Alive
5201ee13-2aed-4641-9169-4d5ee07a23da	Serous cystadenocarcinoma, NOS	3.0	54	0.4444444444444444	19901.0	-19901.0	1364.0	1364.0	white	Dead
ad2939e6-b8b8-475a-90e2-6a369c3d3167	Serous cystadenocarcinoma, NOS	3.0	44	0.2857142857142857	16400.0	-16400.0	1579.0	1579.0	white	Dead
3bc8a74f-49bd-46b6-a3a4-68ca838e83c6	Serous cystadenocarcinoma, NOS	3.0	64	0.6031746031746031	23711.0	-23711.0	90.0	90.0	white	Dead
9d25cd0e-0a3e-4ee0-b1a3-58ffab348c9d	Serous cystadenocarcinoma, NOS	3.0	73	0.7460317460317459	27010.0	-27010.0		1266.0	white	Dead
8652ddee-98f4-4584-b450-e6f2f5c9d7ec	Serous cystadenocarcinoma, NOS	2.0	62	0.5714285714285714	22855.0	-22855.0		1499.0	white	Dead
20c6be4d-7baf-4ea0-93e2-a5212f2e9b9c	Serous cystadenocarcinoma, NOS	2.0	81	0.873015873015873	29830.0	-29830.0	932.0		white	Alive
f9f44f86-10c7-4473-b156-5afbfa9a2ad0	Serous cystadenocarcinoma, NOS	4.0	56	0.4761904761904762	20527.0	-20527.0	1933.0	1933.0	white	Dead
5c127332-5ca0-45f1-a5ac-4876ad94e491	Serous cystadenocarcinoma, NOS	3.0	76	0.7936507936507936	27789.0	-27789.0	1278.0	1278.0	white	Dead
6209e80d-a115-4f8e-bf0d-18461401a1c6	Serous cystadenocarcinoma, NOS	4.0	48	0.3492063492063492	17791.0	-17791.0		949.0	white	Dead
6485b68f-caa7-45cd-9bc5-78c2add8191d	Serous cystadenocarcinoma, NOS	3.0	65	0.6190476190476191	23960.0	-23960.0	3400.0		white	Alive
6264e699-d40b-4ebc-b443-0a0edcb220dc	Serous cystadenocarcinoma, NOS	3.0	71	0.7142857142857143	26145.0	-26145.0	92.0	92.0	white	Dead
955c80be-53df-4565-9303-a7abf96a2f81	Serous cystadenocarcinoma, NOS	3.0	76	0.7936507936507936	28093.0	-28093.0	90.0	457.0	white	Dead
b0585c7a-7205-4dac-9d54-6da89674accb	Serous cystadenocarcinoma, NOS	3.0	58	0.5079365079365079	21392.0	-21392.0	1372.0		white	Alive
4e6f88de-7624-4719-8234-4c9e5b2e2988	Serous cystadenocarcinoma, NOS	4.0	50	0.3809523809523809	18599.0	-18599.0	92.0		white	Alive
1d192835-524e-429d-bf74-3c4727acb446	Serous cystadenocarcinoma, NOS	2.0	59	0.5238095238095238	21745.0	-21745.0		1348.0	white	Dead
384170fc-e8be-426a-a54e-bf1ca61f2986	Serous cystadenocarcinoma, NOS	3.0	67	0.6507936507936508	24758.0	-24758.0	583.0	583.0	white	Dead
ce871097-a6e9-4139-897e-642ee24ee123	Serous cystadenocarcinoma, NOS	3.0	58	0.5079365079365079	21199.0	-21199.0	1161.0	1161.0	white	Dead
22178c3c-6b04-46d8-8041-dc83fa195029	Serous cystadenocarcinoma, NOS	3.0	38	0.19047619047619047	14184.0	-14184.0	883.0	883.0	american indian or alaska native	Dead
56a30462-2819-4c18-95be-8e73880a4921	Serous cystadenocarcinoma, NOS	3.0	73	0.7460317460317459	26820.0	-26820.0	1144.0	2012.0	white	Dead
3fc8f799-5bd3-4f48-baf0-c458ce86ab7e	Serous cystadenocarcinoma, NOS	3.0	51	0.3968253968253968	18846.0	-18846.0	192.0		white	Alive
7016714b-6af8-45dd-8341-1493927e5515	Serous cystadenocarcinoma, NOS	3.0	69	0.6825396825396826	25454.0	-25454.0	1089.0	1123.0	black or african american	Dead
6746533a-8d0b-4ebc-87ec-49c8738121a8	Serous cystadenocarcinoma, NOS	2.0	80	0.8571428571428571	29262.0	-29262.0		887.0	white	Dead
58427bce-6b81-4083-aeda-25f59e292bbc	Serous cystadenocarcinoma, NOS	3.0	55	0.4603174603174603	20331.0	-20331.0	1126.0	1279.0	white	Dead
0ba7b6cc-e5f5-47d7-859a-24e31aa336ab	Serous cystadenocarcinoma, NOS	4.0	58	0.5079365079365079	21422.0	-21422.0	1364.0	1843.0	white	Dead
d0673efd-3315-4dd5-8ab6-912bfa07dceb	Serous cystadenocarcinoma, NOS	3.0	67	0.6507936507936508	24798.0	-24798.0		1511.0	white	Dead
1cc02c64-a34e-46ae-9bc7-5d50f2fefb31	Serous cystadenocarcinoma, NOS	3.0	45	0.3015873015873016	16734.0	-16734.0	134.0	1039.0	white	Dead
563853a2-9ac2-48be-adf3-1e547ee2b274	Serous cystadenocarcinoma, NOS	3.0	58	0.5079365079365079	21406.0	-21406.0	1366.0	1366.0	white	Dead
74dcdfb4-a637-4111-9a22-4b4bc7bbc8f7	Serous cystadenocarcinoma, NOS	3.0	60	0.5396825396825397	22046.0	-22046.0	1498.0	2749.0	white	Dead
09c77947-a333-4392-b18d-a6c1f08764a1	Serous cystadenocarcinoma, NOS	3.0	49	0.36507936507936506	18227.0	-18227.0	253.0		white	Alive
2ebb738c-4829-4720-931a-96c0fd117e2a	Serous cystadenocarcinoma, NOS	3.0	71	0.7142857142857143	26086.0	-26086.0		542.0	white	Dead
fef1696c-a8f4-4db6-8615-e486522baaaa	Serous cystadenocarcinoma, NOS	3.0	78	0.8253968253968254	28529.0	-28529.0	232.0		black or african american	Alive
b25570ed-baca-4e3f-87c6-2ef18119ba49	Serous cystadenocarcinoma, NOS	3.0	56	0.4761904761904762	20668.0	-20668.0	3500.0		white	Alive
9e7d3dea-5d81-4f10-819c-1c2a68ddd150	Serous cystadenocarcinoma, NOS	3.0	46	0.31746031746031744	17130.0	-17130.0	1955.0	1955.0	white	Dead
2517ca7a-6057-4c19-b7e1-f6d078e9881a	Serous cystadenocarcinoma, NOS	3.0	79	0.8412698412698413	29050.0	-29050.0	1059.0	1059.0	white	Dead
02d9aa2e-b16a-48ea-a420-5daed9fd51a6	Serous cystadenocarcinoma, NOS	3.0	58	0.5079365079365079	21423.0	-21423.0	147.0		not reported	Alive
6cf9f872-2e59-45cf-bb5e-ebd7fa1b3caf	Serous cystadenocarcinoma, NOS	3.0	78	0.8253968253968254	28498.0	-28498.0	2141.0	2811.0	white	Dead
27920e1e-b9ab-4587-970a-0cba7025becb	Serous cystadenocarcinoma, NOS	3.0	41	0.2380952380952381	15333.0	-15333.0	589.0		asian	Alive
20336269-5a5b-4ba7-8fe8-665a1f9af738	Serous cystadenocarcinoma, NOS	3.0	64	0.6031746031746031	23407.0	-23407.0	1843.0	1891.0	white	Dead
c3f9ee36-d34f-472b-ac7f-801a0d400aa4	Serous cystadenocarcinoma, NOS	4.0	57	0.492063492063492	20950.0	-20950.0	2464.0		white	Alive
0c1a2e7d-e7e4-481e-a012-ef214c444497	Serous cystadenocarcinoma, NOS	3.0	52	0.4126984126984127	19263.0	-19263.0		2561.0	white	Dead
18e0e996-8f23-4f53-94a5-dde38b550863	Serous cystadenocarcinoma, NOS	3.0	73	0.7460317460317459	26836.0	-26836.0	208.0	1742.0	white	Dead
8e1b8811-1eb2-4337-852c-c19eaa0ee418	Serous cystadenocarcinoma, NOS	3.0	65	0.6190476190476191	23850.0	-23850.0	1722.0		not reported	Alive
7e34d3c1-1fab-4326-9a69-4260d2bac558	Serous cystadenocarcinoma, NOS	3.0	73	0.7460317460317459	27021.0	-27021.0	1073.0	1073.0	white	Dead
91de8a74-a1e6-46b6-a06e-70aedf2c3eaf	Serous cystadenocarcinoma, NOS	3.0	67	0.6507936507936508	24724.0	-24724.0	4665.0		white	Alive
8628f1b2-3763-4ba9-a375-083874bb18f2	Papillary serous cystadenocarcinoma	4.0	55	0.4603174603174603	20274.0	-20274.0		24.0	black or african american	Dead
95e58015-a7c0-4bdc-bf64-7617d24d0784	Serous cystadenocarcinoma, NOS	3.0	63	0.5873015873015873	23276.0	-23276.0	354.0	354.0	white	Dead
b1c90c69-6149-4105-8182-ab9212f196be	Serous cystadenocarcinoma, NOS	3.0	54	0.4444444444444444	20052.0	-20052.0	928.0		white	Alive
5503b3a1-7d03-41b2-9ec8-e478c5414d67	Serous cystadenocarcinoma, NOS	3.0	59	0.5238095238095238	21810.0	-21810.0	568.0	568.0	white	Dead
5abb6d80-fc39-49a4-8db5-3db24543feb6	Serous cystadenocarcinoma, NOS	3.0	54	0.4444444444444444	20015.0	-20015.0	741.0		white	Alive
b6b607cd-67b8-4c04-a212-a4e8c0743f05	Serous cystadenocarcinoma, NOS	3.0	72	0.7301587301587301	26369.0	-26369.0	168.0		white	Alive
5e18b17d-4626-4b6d-8ac6-e560cee0376c	Serous cystadenocarcinoma, NOS	3.0	62	0.5714285714285714	22659.0	-22659.0	239.0		white	Alive
e294b940-2828-499c-be24-47ef6c2e9035	Serous cystadenocarcinoma, NOS	2.0	43	0.2698412698412698	15804.0	-15804.0	783.0		asian	Alive
b4b49027-7815-4813-9769-a3fe3a26a37a	Serous cystadenocarcinoma, NOS	3.0	81	0.873015873015873	29585.0	-29585.0	1157.0	1157.0	white	Dead
4d71dd15-cd01-4dae-ad70-6dc325140207	Serous cystadenocarcinoma, NOS	3.0	46	0.31746031746031744	16889.0	-16889.0	268.0		white	Alive
40635bf3-d8ba-4833-b623-547e55e5d07e	Serous cystadenocarcinoma, NOS	3.0	60	0.5396825396825397	22089.0	-22089.0	1977.0		white	Alive
8cad4217-5699-4735-9be3-fc0015a8d262	Serous cystadenocarcinoma, NOS	4.0	55	0.4603174603174603	20276.0	-20276.0	843.0	1355.0	white	Dead
5c159ab5-8475-4d93-89b8-b6befed4a5b3	Serous cystadenocarcinoma, NOS	3.0	61	0.5555555555555556	22395.0	-22395.0	2097.0	2097.0	white	Dead
9e18238f-ae85-4b75-ae87-d92da9731a40	Serous cystadenocarcinoma, NOS	3.0	65	0.6190476190476191	23826.0	-23826.0	1233.0		white	Alive
a85f6f9c-1e1d-44fc-85eb-3b2d96cfbc61	Serous cystadenocarcinoma, NOS	4.0	59	0.5238095238095238	21726.0	-21726.0	2154.0	2154.0	white	Dead
26558703-a659-43f2-86cb-0695989bc14e	Serous cystadenocarcinoma, NOS	3.0	65	0.6190476190476191	23801.0	-23801.0	919.0	919.0	white	Dead
1fe19c6b-71d0-4b07-923b-74ea32210db0	Serous cystadenocarcinoma, NOS	4.0	60	0.5396825396825397	21939.0	-21939.0		885.0	black or african american	Dead
33d36b64-4688-40a7-9a4f-7cd3d4cc683d	Serous cystadenocarcinoma, NOS	3.0	62	0.5714285714285714	22895.0	-22895.0	24.0	1229.0	white	Dead
45baebac-32ae-4093-9eba-488b95c1a58d	Serous cystadenocarcinoma, NOS	4.0	64	0.6031746031746031	23689.0	-23689.0	8.0	8.0	white	Dead
82093ed9-a3c8-4e34-931f-4ec7ae745711	Serous cystadenocarcinoma, NOS	3.0	49	0.36507936507936506	18134.0	-18134.0	442.0		white	Alive
05263959-c4f5-4540-b6d2-d8c8a128861f	Serous cystadenocarcinoma, NOS	2.0	53	0.42857142857142855	19432.0	-19432.0	2338.0		white	Alive
90f4b65c-cfd4-4066-a5b9-842885c172e2	Serous cystadenocarcinoma, NOS	3.0	71	0.7142857142857143	26185.0	-26185.0	462.0	462.0	white	Dead
6fee41dc-b8a9-4347-8085-b7e05f813ad0	Serous cystadenocarcinoma, NOS	3.0	47	0.3333333333333333	17207.0	-17207.0	1386.0		white	Alive
4261267c-7042-4c6e-83ed-12fb401003fc	Serous cystadenocarcinoma, NOS	3.0	54	0.4444444444444444	19969.0	-19969.0	889.0	951.0	white	Dead
e732f81c-9b7d-44bd-a905-ff53fbed5009	Serous cystadenocarcinoma, NOS	3.0	73	0.7460317460317459	26999.0	-26999.0	257.0	1784.0	white	Dead
2ab32e11-80d6-4ed0-a42e-da612219bbdd	Serous cystadenocarcinoma, NOS	3.0	56	0.4761904761904762	20487.0	-20487.0	1699.0	1699.0	white	Dead
cbc7f427-5f7b-4267-ad56-055d8880a4cc	Serous cystadenocarcinoma, NOS	4.0	61	0.5555555555555556	22562.0	-22562.0	1114.0	1114.0	white	Dead
f4d95c8e-fb84-46ca-acc0-827015cc9d0a	Serous cystadenocarcinoma, NOS	3.0	40	0.2222222222222222			165.0		asian	Alive
b45c543a-40d9-423a-a7fa-98e4b325b487	Serous cystadenocarcinoma, NOS	3.0	77	0.8095238095238095	28126.0	-28126.0	336.0	336.0	white	Dead
a5030259-cf9c-4a58-8710-b9da8ee59320	Serous cystadenocarcinoma, NOS	3.0	44	0.2857142857142857	16222.0	-16222.0	460.0	608.0	white	Dead
21f6bf91-dfc6-4a59-8b76-88a0f95c7b47	Serous cystadenocarcinoma, NOS	3.0	71	0.7142857142857143	26141.0	-26141.0	820.0	820.0	black or african american	Dead
f1cb3d48-1415-408d-89d1-dfdcc5924963	Papillary serous cystadenocarcinoma	3.0	66	0.6349206349206349	24161.0	-24161.0	984.0	1088.0	black or african american	Dead
774ce281-96b2-467a-9170-079797ee10f7	Serous cystadenocarcinoma, NOS	3.0	50	0.3809523809523809	18574.0	-18574.0	869.0	1389.0	white	Dead
04ecaf38-0232-4dcd-9242-308a22cc1331	Serous cystadenocarcinoma, NOS	3.0	71	0.7142857142857143	26180.0	-26180.0	967.0		white	Alive
2dfd8a0e-e642-49b3-abd7-f0334927eebb	Serous cystadenocarcinoma, NOS	3.0	64	0.6031746031746031	23686.0	-23686.0	3953.0		white	Alive
b46263ab-c3ca-4fda-a895-74c7e6e6fe22	Serous cystadenocarcinoma, NOS	3.0	70	0.6984126984126984	25786.0	-25786.0	1247.0	1247.0	white	Dead
ef653772-e5d2-46ec-8610-f81d75d7353c	Serous cystadenocarcinoma, NOS	3.0	51	0.3968253968253968	18963.0	-18963.0	176.0		black or african american	Alive
15170c7f-5880-4fb6-82ce-68d3df0dfb68	Serous cystadenocarcinoma, NOS	3.0	48	0.3492063492063492	17573.0	-17573.0	1319.0	1319.0	black or african american	Dead
36595b52-2b5f-4e87-80eb-37c29109e92a	Serous cystadenocarcinoma, NOS	2.0	78	0.8253968253968254	28694.0	-28694.0	797.0		white	Alive
c435627c-159d-4a6d-a819-30abac24bf4d	Serous cystadenocarcinoma, NOS	4.0	68	0.6666666666666666	24993.0	-24993.0	1732.0	1799.0	white	Dead
1d9893c8-0de3-4b07-b0ba-a53019b23eb4	Serous cystadenocarcinoma, NOS	3.0	56	0.4761904761904762	20705.0	-20705.0		1082.0	white	Dead
70fe08bd-a0b4-4a88-b82e-813b176f8e40	Serous cystadenocarcinoma, NOS	3.0	83	0.9047619047619048	30464.0	-30464.0	139.0	592.0	white	Dead
0f530b3e-5b6d-4892-9ebd-9138d76fdca7	Serous cystadenocarcinoma, NOS	3.0	49	0.36507936507936506	17956.0	-17956.0	655.0		white	Alive
72c40fba-f502-489b-ad87-843f52655894	Serous cystadenocarcinoma, NOS	3.0	60	0.5396825396825397	21965.0	-21965.0	1089.0	1089.0	black or african american	Dead
1858b58f-fdf4-413c-9c29-96ae85b88a74	Serous cystadenocarcinoma, NOS	3.0	49	0.36507936507936506	18049.0	-18049.0	1249.0	1249.0	white	Dead
cbe3309e-9b7b-4f62-87b5-0f5ed4218ada	Serous cystadenocarcinoma, NOS	3.0	73	0.7460317460317459	26784.0	-26784.0	11.0	394.0	white	Dead
186d40cd-624c-4016-a497-b30c892d393c	Serous cystadenocarcinoma, NOS	4.0	49	0.36507936507936506	18247.0	-18247.0	67.0		white	Alive
8fac8e40-beac-4059-9d54-7ee530598cfd	Serous cystadenocarcinoma, NOS	3.0	59	0.5238095238095238	21635.0	-21635.0	180.0	1680.0	white	Dead
e978a457-92ff-4eab-b759-ec6e74d973e8	Serous cystadenocarcinoma, NOS	4.0	44	0.2857142857142857				679.0	not reported	Dead
565d06a1-3640-4274-8fb3-8cad7e578876	Serous cystadenocarcinoma, NOS	3.0	48	0.3492063492063492	17855.0	-17855.0	168.0		white	Alive
05019013-7ea5-4905-ac79-901146ba2ee2	Serous cystadenocarcinoma, NOS	3.0	39	0.20634920634920634	14574.0	-14574.0	2400.0	2400.0	white	Dead
66face4a-f35c-4364-90e5-8f28e6372606	Serous cystadenocarcinoma, NOS	4.0	69	0.6825396825396826	25537.0	-25537.0	31.0	31.0	white	Dead
46395c3d-5e51-477f-946e-e58b87cc7baa	Serous cystadenocarcinoma, NOS	3.0	65	0.6190476190476191	24018.0	-24018.0	1124.0	1155.0	white	Dead
ef57bc45-858f-4d4e-8407-b7eadfa43be5	Serous cystadenocarcinoma, NOS	3.0	45	0.3015873015873016	16552.0	-16552.0	3525.0		white	Alive
91a17d40-c8cb-4cce-b306-966382a8fe4a	Serous cystadenocarcinoma, NOS	4.0	61	0.5555555555555556	22517.0	-22517.0	3825.0		white	Alive
ebe677e6-94b6-45be-a58d-eaae4cf63d12	Serous cystadenocarcinoma, NOS	3.0	66	0.6349206349206349	24223.0	-24223.0	2661.0		white	Alive
67f526f1-def5-43b4-bc89-154baae190fc	Serous cystadenocarcinoma, NOS	3.0	45	0.3015873015873016	16534.0	-16534.0	133.0		not reported	Alive
ceb19678-b453-4529-b6cb-d02f9cb101b4	Serous cystadenocarcinoma, NOS	3.0	60	0.5396825396825397	22081.0	-22081.0	36.0		white	Alive
93095c36-2263-438f-a619-a4a4d6ae13c7	Serous cystadenocarcinoma, NOS	2.0	55	0.4603174603174603	20144.0	-20144.0	1293.0		white	Alive
d7b3156d-672a-4a55-868d-9ca6a09fcb0f	Serous cystadenocarcinoma, NOS	3.0	57	0.492063492063492	20902.0	-20902.0	676.0	676.0	black or african american	Dead
242da7d0-8c6a-4395-9a0d-aa36e7c25ce6	Serous cystadenocarcinoma, NOS	2.0	43	0.2698412698412698	16021.0	-16021.0	2032.0		black or african american	Alive
0d5e232d-5aa2-4f6f-be58-ffd5f15ee0b8	Serous cystadenocarcinoma, NOS	3.0	48	0.3492063492063492	17697.0	-17697.0	331.0	2345.0	white	Dead
17181157-c9e2-4bd6-8653-f5dce56f9053	Serous cystadenocarcinoma, NOS	3.0	68	0.6666666666666666	24957.0	-24957.0	1354.0	1354.0	white	Dead
933dbfbd-4697-403e-bd73-c17cb300c94b	Serous cystadenocarcinoma, NOS	3.0	65	0.6190476190476191	23982.0	-23982.0	2478.0	2490.0	not reported	Dead
df53c3c0-3605-4d2b-bdc7-96d9beab27ea	Serous cystadenocarcinoma, NOS	3.0	43	0.2698412698412698	16018.0	-16018.0	1503.0		white	Alive
d3dd5e69-9752-4b50-9b1f-814afbc2c3dd	Serous cystadenocarcinoma, NOS	3.0	82	0.8888888888888888	29991.0	-29991.0	527.0		white	Alive
0de910b1-edaf-47e4-a265-727ee12ac1c3	Serous cystadenocarcinoma, NOS	3.0	49	0.36507936507936506	18051.0	-18051.0	2121.0		white	Alive
eeb9d147-608d-4692-8adf-2f601d23a8ff	Serous cystadenocarcinoma, NOS	3.0	48	0.3492063492063492	17847.0	-17847.0	686.0		asian	Alive
65435f50-a35d-49e3-a36e-b95d9e274ca0	Serous cystadenocarcinoma, NOS	3.0	66	0.6349206349206349	24471.0	-24471.0	2688.0	2688.0	white	Dead
85bb4987-51e7-40fe-ad59-2aa56754eca9	Serous cystadenocarcinoma, NOS	3.0	46	0.31746031746031744	17115.0	-17115.0	547.0		white	Alive
feda41d8-ca56-425d-b149-4d5485328107	Serous cystadenocarcinoma, NOS	3.0	52	0.4126984126984127	18999.0	-18999.0			not reported	Alive
79fd602b-3e8e-4353-aa78-4f5f170b607d	Serous cystadenocarcinoma, NOS	3.0	38	0.19047619047619047	13911.0	-13911.0	1979.0	2009.0	white	Dead
60cce7ac-d27d-44a6-9873-ecf91da5e906	Serous cystadenocarcinoma, NOS	3.0	59	0.5238095238095238	21552.0	-21552.0		1018.0	white	Dead
872d2922-7292-4681-adb7-d3b267eccbe7	Serous cystadenocarcinoma, NOS	3.0	87	0.9682539682539684	31977.0	-31977.0	562.0	562.0	white	Dead
a6aad7f9-8444-4c2f-8e4b-b19fd453544f	Serous cystadenocarcinoma, NOS	3.0	57	0.492063492063492	20860.0	-20860.0	989.0		white	Alive
c6ede8ae-881c-47a0-a0ef-745ed4b7764a	Serous cystadenocarcinoma, NOS	3.0	45	0.3015873015873016	16442.0	-16442.0	816.0		white	Alive
58f5a54e-de50-4cca-afa1-cc331d8b3479	Serous cystadenocarcinoma, NOS	4.0	65	0.6190476190476191	23895.0	-23895.0	186.0	186.0	white	Dead
3e8a51bf-7e1f-4eab-af83-3c60d04db1bf	Serous cystadenocarcinoma, NOS	3.0	53	0.42857142857142855	19573.0	-19573.0	3325.0		white	Alive
29949b65-2913-4c86-bbd7-b85c5df6f15e	Serous cystadenocarcinoma, NOS	3.0	67	0.6507936507936508	24723.0	-24723.0	441.0		white	Alive
a8c4a333-6b67-44c8-9000-516f8ccea788	Serous cystadenocarcinoma, NOS	3.0	55	0.4603174603174603	20399.0	-20399.0	962.0	962.0	asian	Dead
a782352e-c4bb-4c3e-ba82-456a47c3689a	Serous cystadenocarcinoma, NOS	3.0	42	0.25396825396825395	15599.0	-15599.0	116.0		white	Alive
2b14123b-8fcd-402c-9399-4e7c47f20252	Serous cystadenocarcinoma, NOS	3.0	56	0.4761904761904762	20530.0	-20530.0	1102.0	1102.0	white	Dead
f3618472-32dc-4c90-a407-90050f68be85	Serous cystadenocarcinoma, NOS	3.0	67	0.6507936507936508	24743.0	-24743.0	2143.0		black or african american	Alive
21966708-4e66-4211-add0-f1515b09e362	Serous cystadenocarcinoma, NOS	4.0	45	0.3015873015873016	16529.0	-16529.0	343.0		white	Alive
34f545ab-d420-4dd2-8db4-3159896efd23	Serous cystadenocarcinoma, NOS	3.0	51	0.3968253968253968	18652.0	-18652.0	3224.0	3224.0	white	Dead
08c64000-d320-4e4d-974b-da503d48890c	Serous cystadenocarcinoma, NOS	3.0	53	0.42857142857142855	19393.0	-19393.0	1767.0	1767.0	white	Dead
b8023162-5e82-40e6-ad8c-8acf81821f01	Serous cystadenocarcinoma, NOS	3.0	72	0.7301587301587301	26418.0	-26418.0	245.0	304.0	black or african american	Dead
758e6b52-062e-4ca0-84d1-ea38477414ac	Serous cystadenocarcinoma, NOS	3.0	78	0.8253968253968254				286.0	white	Dead
7fd6ab8a-201e-431d-a886-6ab553b6ca36	Serous cystadenocarcinoma, NOS	2.0	41	0.2380952380952381	15017.0	-15017.0	1277.0		white	Alive
533f5ff9-466c-4cdb-9c46-b841c2626775	Serous cystadenocarcinoma, NOS	3.0	82	0.8888888888888888	29992.0	-29992.0	737.0	737.0	not reported	Dead
635f5335-b008-428e-b005-615776a6643f	Serous cystadenocarcinoma, NOS	3.0	50	0.3809523809523809	18263.0	-18263.0	1553.0	1583.0	white	Dead
